,Type,Text
0,ISTJ,"
ISTJ (introversion, sensing, thinking, judgment) is a four-letter code representing one of the 16 personality types found on the Myers-Briggs Type Indicator (MBTI). People with an ISTJ personality type tend to be reserved, practical and quiet. They enjoy order and organization in all areas of their lives including their home, work, family, and projects. ISTJs value loyalty in themselves and others, and place an emphasis on traditions.
Detail-orientedRealisticPresent-focusedObservantLogical and practicalOrderly and organizedJudgmentalSubjectiveTends to blame othersInsensitive
The MBTI suggests that the four different cognitive functions (thinking, feeling, intuition, and sensing) form a hierarchy. Each function is either directed outwardly (extraverted) or inwardly (introverted) and the order of these functions determines an individual's personality.

ISTJs prefer spending time alone or with small groups of close friends. People with this personality type are usually very loyal and devoted to family and friends but may struggle to understand their own emotions and the feelings of others. They can be quite reserved and sometimes fail to pick up on the emotional signals given by other people. However, once they are close to a person and develop an understanding of that person's feelings and needs, they will expend a great deal of effort toward supporting those needs.

Because of this need for order, they tend to do better in learning and work environments that have clearly defined schedules, clear-cut assignments, and a strong focus on the task at hand. When learning new things, ISTJs do best when the material is something they view as useful with real-world applications. Concrete, factual information appeals to ISTJs, while theoretical and abstract information has little value unless they can see some type of practical use for it. While they may exert tremendous energy into projects they see as valuable, they will avoid wasting time and energy on things that they view as useless or unpractical.

ISTJs tend to do well in careers that require order, structure, and perseverance. Jobs that involve dealing with concrete facts and figures (accounting, library science, computer programming, etc.) are all good options. Jobs that require accuracy, respect for rules and stability often appeal to those with an ISTJ personality.

ISTJs tend to get along best with friends who are similar to themselves. While they tend to be a bit serious and by the book, they do like to have fun. They might not be willing to jump into new things, but you can be a great friend by helping them pursue hobbies and activities that they enjoy.

ISTJ parents tend to be quite focused on tradition and are good at providing security and stability to their children. Children of ISTJ parents often find that their parents will treat them with care and respect and that they also expect the same treatment in return.
"
1,ISTP,"
ISTP (introverted, sensing, thinking, perceiving) is one of the 16 personality types identified by the Myers-Briggs Type Indicator (MBTI). People with ISTP personalities enjoy having time to think alone and are fiercely independent. ISTPs also love action, new experiences, hands-on activities, and the freedom to work at their own pace.
Verywell / JR Bee
ISTPs enjoy taking things apart just to see how they work. They are logical and rational, but are more interested in practical applications than in abstract ideas. They love doing new things and can become bored with routines rather quickly.
LogicalLearns by experienceAction-orientedRealistic and practicalEnjoys new thingsSelf-confident and easygoingDifficult to get to knowInsensitiveGrows bored easilyRisk-takerDoes not like commitment
The MBTI suggests that people possess a number of different cognitive functions (thinking, sensing, feeling, and intuition) that can then be directed inwards (introverted) or outwards (extraverted). The hierarchical arrangement of these functions is what makes up each individual's personality, the MBTI suggests.

The dominant function is the most prominent aspect of personality, although the auxiliary function also plays an important supporting role. The tertiary and inferior functions are less important and may operate on a largely unconscious basis or may become more apparent during times when a person is under stress.

ISTPs are introverts and they tend to be quiet and reserved. They thrive on new experiences and dislike strict routines. In relationships, they are highly independent and do not like to feel controlled. Making commitments is difficult for the ISTP, but will put a lot of effort into relationships that hold their interest.

They do not often share their emotions with other people. While they enjoy hearing what other people think, they frequently keep their own opinions to themselves. For these reasons, people sometimes describe ISTPs as difficult to get to know. They often find friends who enjoy similar hobbies as they do and enjoy spending time with these friends as they pursue these activities.

Because ISTPs are introverted, they often do well in jobs that require working alone. ISTPs tend to dislike too much structure and do well in careers where they have a lot of freedom and autonomy. Because they are very logical, they often enjoy work that involves reasoning and hands-on experience. In particular, ISTPs like doing things that have practical, real-world applications.

ISTPs tend to be curious and even adventurous, but they also have a strong need to be alone at times. You can be a great friend by asking them to get out and pursue new things, but be ready to respect their need for peace and quiet when they are not feeling up to going out.

If you are a parent to an ISTP child, you are probably well aware of their independent, adventurous nature. You can encourage their confidence by providing safe and healthy opportunities for them to explore things on their own. Provide rules and guidance, but be careful not to hover. Give your child plenty of hands-on learning, outdoor adventures, and opportunities to experiment with how things work.

Because ISTPs live so strongly in the present moment, long-term commitments can be a real challenge. You can strengthen your relationship with your ISTP partner by being willing to take things day to day and by respecting their fierce need for independence.
"
2,ISFJ,"
ISFJ is one of the 16 personality types identified on the Myers-Briggs Type Indicator (MBTI), the personality test developed by Isabel Myers and her mother Katherine Briggs based on the theories of psychoanalyst Carl Jung. ISFJ stands for introverted, sensing, feeling, judging.

This personality type is given the nickname ""The Protector"" or ""The Defender,"" and for good reason. People who have ISFJ personalities are known for being warm-hearted, responsible, and reserved. The ENTP personality type is the opposite.

This personality type is one of the more common ones. They make up about 9% to 14% of the population.

Below are the main characteristics of this personality type.

While people with this personality type are introverted and tend to be quiet, they are keen observers and are focused on other people. Because they are so perceptive, ISFJs are good at remembering details about other people.

Those with this personality type are particularly well-tuned into the emotions and feelings of others. While ISFJs are good at understanding their own emotions, they often struggle to express them. Rather than share their feelings, they may bottle them up, sometimes to the point that negative feelings toward other people can result.

When dealing with life struggles, such as illness or the death of a loved one, they may keep quiet about what they are experiencing to avoid burdening others with their troubles.

People with this personality prefer concrete facts over abstract theories. As a result, they tend to learn best by doing. They thrive in This also means that they usually value learning for its practical applications. They also tend to become more interested in new things when they can see and appreciate how it might solve a real-world problem.

ISFJs enjoy structure and strive to maintain this order in all areas of their lives. They thrive in highly structured and consistent environments where they are given step-by-step instructions and clear expectations.

Their preference to keep things the way they are rather than change. But this does not mean ISFJs aren't adaptable. They simply prefer to have time to think about and prepare for big changes.
ReliablePracticalSensitiveEye for detailDislikes abstract conceptsAvoids confrontationDislikes changeNeglects own needs
The ISFJ type relies on four key cognitive functions when taking in information and making decisions. The dominant function is the primary aspect of personality, while the auxiliary function plays a secondary and supportive role.

Because they are quiet, people sometimes misinterpret this as standoffish behavior. However, ISFJs are compassionate and caring toward others, often working to secure the safety and well-being of other people without asking for thanks or anything in return.
ISFJs are often described as kind, reliable, and trustworthy.
Because they are hard-working, dependable, and rarely seek accolades for their own accomplishments, ISFJs are sometimes taken for granted by those around them. In some cases, people might even try to take advantage of this reliability.

ISFJs tend to have a small group of very close friends. While they may be quiet and reserved around people they don’t know well, they are more likely to ""let loose"" when they are around these close confidants. They place a high value on these close friendships and are always willing to support and care for the people to whom they are close.

ISFJs have many characteristics that make them well-suited to particular careers. Because they are so attuned to the feelings of others, jobs in mental health or the healthcare industry are a good fit.

They are also meticulous and orderly, making them suited to jobs that involve planning, structure, or attention to detail. Their commitment to their work, reliability, and ability to work independently make them attractive to a wide variety of employers.

Because of their solid people skills and desire to create order, they often do well in management or administrative roles. They excel at coming up with plans and helping other people work together to achieve a common goal.

Below are suggestions for relating effectively with ISFJ personalities.

If you are friends with an ISFJ, you are probably already aware that they tend to be warm and selfless. Even though they are quite social for introverts, they are not always good at sharing their own feelings. Asking them how they are doing and being willing to talk can help them to open up.
You can help be a good friend by paying attention to their needs. Take the time to see what they might need you to do for them.
ISFJs are natural caregivers and are very nurturing toward their children. They are good at giving their kids structure and order, but sometimes have a difficult time enforcing discipline.

If you are the parent of an ISFJ child, be aware of your child's need to have time alone. Also, be aware that your child may be willing to give up things that are important to them to make other people happy. Encourage them to pursue their interests and goals and remind them that meeting their own needs is important as well.
"
3,ISFP,"
ISFP is a four-letter code representing one of the 16 personality types identified by the Myers-Briggs Type Indicator.﻿﻿ People with an ISFP personality are frequently described as quiet, easy-going and peaceful.

According to David Keirsey, the creator of the Keirsey Temperament Sorter, approximately 5 to 10 percent of people have an ISFP personality type. ISFP is the opposite of ENTJ.
Very aware of their environmentPracticalEnjoys hands-on learningLoyal to values and beliefsDislikes abstract, theoretical informationReserved and quietStrong need for personal spaceDislikes arguments and conflict
The MBTI identifies four key cognitive functions (thinking, feeling, intuition, and sensing) that are either directed outwardly (extraverted) or inwardly (introverted).﻿﻿ The hierarchical order to these functions is what determines each individual's unique personality.

ISFPs are introverted. They tend to be reserved and quiet, especially around people they do not know well. They prefer spending time with a close group of family and friends.

ISFPs are very private and keep their true feelings to themselves. In some cases, they may avoid sharing their thoughts, feelings and opinions with other people in their life, even their romantic partners. Because they prefer not to share their innermost feelings and try to avoid conflict, they often defer to the needs or demands of others.

ISFPs have strong values but are not concerned with trying to convince other people to share their point of view. They care deeply about other people, particularly their closest friends and family. They are action-oriented and tend to show their care and concern through action rather than discussing feelings or expressing sentiments.

People with ISFP personalities love animals and have a strong appreciation for nature. They may seek out jobs or hobbies that put them in contact with the outdoors and with animals.

Because ISFPs prefer to focus on the present, they often do well in careers that are concerned with practical, real-world problems. Jobs that offer a great deal of personal freedom and autonomy are especially appealing to ISFPs.
Ever wonder what your personality type means? Sign up to find out more in our Healthy Mind newsletter."
4,INFJ,"
INFJ is one of the 16 personality types identified by the Myers-Briggs Type Indicator (MBTI). Scoring as an INFJ means your personality type is best described as Introverted, Intuitive, Feeling, and Judging.

Sometimes referred to as the ""Advocate"" or the ""Idealist,"" people with this personality type often feel misunderstood. Perhaps it's because they're the rarest MBTI personality type, making up only 1% to 3% of the U.S. population. Or maybe it's because they're walking, talking contradictions. They're easy-going perfectionists. Both logical and emotional, creative and analytical.

Learn more about the INFJ personality type below.
Verywell / JR BeeWhile the MBTI is extremely popular, it has also been the source of considerable criticism due in part to its poor validity and reliability. If you do take the MBTI, use caution when considering the meaning of your results.Sensitive to the needs of othersReservedHighly creative and artisticFocused on the futureValues close, deep relationshipsEnjoys thinking about the meaning of lifeIdealisticCan be overly sensitiveSometimes difficult to get to knowCan have overly high expectationsStubbornDislikes confrontationThis video has been medically reviewed by Rachel Goldman, PhD, FTOS.
The MBTI was created by Isabel Myers and her mother Katherine Briggs in the 1940s based on the theories of Swiss psychoanalyst Carl Jung. Jung believed that several mental processes made up each individual's psychological type. He identified four key psychological functions: thinking, feeling, sensation, and intuition. Each of these functions then tends to be either outwardly focused (extraverted) or inwardly focused (introverted).

MBTI advocates often utilize what they refer to as a functional stack when analyzing results. You can think of the different cognitive functions as the ingredients that go into making up a personality type. The specific recipe for each type is controlled by how these different ingredients combine and interact. The MBTI itself relies on two key factors that combine in different ways to give us the 16 different types. First is the functions themselves, and second is the hierarchical order of those functions.

Each type possesses a dominant function that is the core characteristic of each type. This is then supported by an auxiliary function which is another well-developed aspect of personality. The tertiary and inferior functions are less conscious and not as well-formed.

INFJs tend to rely more on four primary cognitive functions:

INFJs also have a talent for language and are usually quite good at expressing themselves. They have a vivid inner life, but they are often hesitant to share this with others except for perhaps those closest to them. While they are quiet and sensitive, they can also be good leaders. Even when they don't take on overt leadership roles, they often act as quiet influencers behind the scenes.

INFJs are driven by their strong values and seek out meaning in all areas of their lives including relationships and work. People with this type of personality are often described as deep and complex. They may not have a huge circle of acquaintances, but their close friendships tend to be very close and long-lasting.

INFJs are interested in helping others and making the world a better place. They tend to be excellent listeners and are good at interacting with people which whom they are emotionally close and connected. While they care deeply about others, INFJs tend to be very introverted and are only willing to share their ""true selves"" with a select few. After being in social situations, INFJs need time to themselves to ""recharge.""

INFJs do well in careers where they can express their creativity. Because people with INFJ personalities have such deeply held convictions and values, they do particularly well in jobs that support these principles. INFJs often do best in careers that mix their need for creativity with their desire to make meaningful changes in the world.

INFJs are usually high achievers and excel in academics and the workplace. They can be perfectionists at times and tend to put a great deal of effort into their work. Co-workers tend to feel that INFJs are hardworking, positive, and easy to get along with. Because they are introverted, however, they may find that they need to retreat at times to recharge.

In managerial roles, INFJs can sometimes struggle to exert authority. They tend to lead with sensitivity and are good at helping subordinates feel appreciated in the workplace. Jobs that require a great deal of routine or adherence to strict rules can be difficult for INFJs.

Because they are reserved and private, INFJs can be difficult to get to know. They place a high value on close, deep relationships and can be hurt easily, although they often hide these feelings from others. Interacting with an INFJ involves understanding and supporting their need to retreat and recharge. People with this personality type sometimes feel misunderstood. You can be a good friend by taking the time to understand their perspective and appreciating their strengths.

Because INFJs are so skilled at understanding feelings, they tend to be very close and connected to their children. They have high standards and can have very high behavioral expectations. They are concerned with raising children that are kind, caring, and compassionate. INFJs encourage their children to pursue their interests and talents to fully realize their individual potential.

INFJs have an innate ability to understand other people's feelings and enjoy being in close, intimate relationships. They tend to flourish best in romantic relationships with people with who they share their core values. As a partner, it is important to provide the support and emotional intimacy that an INFJ craves. Sincerity, honesty, and authenticity are all traits that the INFJ appreciates in their partner.
"
5,INFP,"Verywell / JR Bee
INFPs also have strong interests in making the world a better place. In addition to wanting to gain a greater understanding of themselves and how they fit into the world, they are also interested in how they can best help others. People with this personality type spend a lot of time exploring their own purpose in life and thinking about how they can use their skills and talents to best serve humanity.

INFP is also the opposite personality type of ESTJ. Other similar personality types include INTP and ENFJ.
Loyal and devotedSensitive to feelingsCaring and interested in othersWorks well aloneValues close relationshipsGood at seeing ""the big picture""Can be overly idealisticTends to take everything personallyDifficult to get to knowSometimes loses sight of the little thingsOverlooks details
The MBTI itself is based upon a theory of personality created by the Swiss psychoanalyst Carl Jung. He proposed that there are four psychological components of personality: thinking, feeling, sensation, and intuition. People then direct each of these cognitive functions inwardly (introverted) or outwardly (extraverted).

In the MBTI, each personality type is made up of a hierarchical stack of these functions. The dominant function is one that largely controls personality, although it is also supported by the auxiliary and, to a lesser degree, the tertiary functions. Inferior functions are those that are largely unconscious but still exert some influence.

INFPs tend to rely on the following four cognitive functions:

INFPs experience a great depth of feelings, but as introverts they largely process these emotions internally. They possess an incredible sense of wonder about the world and feel great compassion and empathy for others. While these emotions are strong, they tend not to express them outwardly, which is why they can sometimes be mistaken as aloof or unwelcoming.

INFPs explore situations using imagination and 'what if' scenarios, often thinking through a variety of possibilities before settling on a course of action. Their inner lives are a dominant force in personality, and they engage with the outside world by using their intuition.

They focus on the ""big picture"" and things will shape the course of the future. This ability helps make INFPs transformative leaders who are excited about making positive changes in the world.

When taking in information, INFPs create vivid memories of the events. They will often replay these events in their minds to analyze experiences in less stressful settings. Such memories are usually associated with strong emotions, so recalling a memory can often seem like reliving the experience itself.

This cognitive function involves organizing and making sense of the world in an objective and logical manner. While this is a largely unconscious influence in the INFPs personality, it can show itself in times of pressure. When faced with stress, an INFP might become suddenly very pragmatic and detail-oriented, focusing on logic rather than emotion.

Because they are typically ruled more by intuition and emotion, INFPs can sometimes struggle to feel productive and efficient. Learning to develop the extraverted thinking function can help people with this personality type create a better sense of balance.

INFPs are idealists so they tend to have high expectations—including in relationships. They might hold an idealized image in their minds of their perfect partner, which can be a difficult role for any individual to fill.

People with this personality type care deeply about other people, yet as introverts they can be difficult to know. They do tend to become very close and deeply committed to the few that they forge close relationships with.

They also dislike conflict and try to avoid it. When conflicts or arguments do arise, they usually focus more on how the conflict makes them feel rather than the actual details of the argument. During arguments, they might seem overly emotional or even irrational. However, they can also be good mediators by helping the people involved in a conflict identify and express their feelings.

Because they are so reserved and private, it can be difficult for other people to get to know INFPs. They tend to be quite devoted to their circle of close friends and family and place a high importance on the feelings and emotions of their loved ones. Much of their energy is focused inwardly and characterized by intense feelings and strong values. They tend to be very loyal to the people they love and to beliefs and causes that are important to them.

INFPs typically do well in careers where they can express their creativity and vision. While they work well with others, they generally prefer to work alone. 

INFPs tend to be very creative, artistic, and spiritual. They are often skilled with language but may prefer to express their thoughts and feelings through writing rather than speaking.﻿﻿

Because they have strong ethics and values, they also become passionate about advocating or defending their beliefs. While they feel strongly about their own values, INFPs are also interested in learning more about others and are willing to listen and consider many sides of an issue.

INFPs typically only have a few close friendships, but these relationships tend to be long-lasting. While people with this type of personality are adept at understanding others emotions, they often struggle to share their own feelings with others.

Social contact can be difficult, although INFPs crave emotional intimacy and deep relationships. Getting to know an INFP can take time and work, but the rewards can be great for those who have the patience and understanding.

INFP parents are usually supportive, caring, and warm. They are good at establishing guidelines and helping children develop strong values. Their goal as parents is to help their children grow as individuals and fully appreciate the wonders of the world. They may struggle to share their own emotions with their children and are often focused on creating harmony in the home.

As with friendships, INFPs may struggle to become close to potential romantic partners. Once they do form a relationship, they approach it with a strong sense of loyalty. They can sometimes hold overly romanticized views of relationships and may have excessively high expectations that their partners struggle to live up to. They also tend to take comments personally while at the same time struggling to avoid conflicts.

If your partner is an INFP, understand that they may struggle at times to open up, be overly sensitive to perceived criticisms, and often place your own happiness over that of their own.
Ever wonder what your personality type means? Sign up to find out more in our Healthy Mind newsletter.Thank you, {{form.email}}, for signing up.There was an error. Please try again.Yang C, Richard G, Durkin M. The association between Myers-Briggs Type Indicator and psychiatry as the specialty choice. Int J Med Educ. 2016;7:48–51. Published 2016 Feb 6. doi:10.5116/ijme.5698.e2cd"
6,INTJ,"
INTJ (introverted, intuitive, thinking, and judging) is one of the 16 personality types identified by a personality assessment called the Myers-Briggs Type Indicator (MBTI). Sometimes referred to as the ""Architect"" or the ""Strategist,"" people with INTJ personalities are highly analytical, creative, and logical.

According to psychologist David Keirsey, developer of the Keirsey Temperament Sorter, approximately 1 to 4% of the population has an INTJ personality type.
Verywell / JR Bee
The MBTI is one of the most popular psychological assessments, but critics have argued that it lacks both validity and reliability. If you take the MBTI, be sure to use caution when considering the meaning of your results.

You can learn more about the INTJ personality in this overview. However, this should not be interpreted as health, psychological, or professional career advice.
Enjoys theoretical and abstract conceptsHigh expectationsGood at listeningTakes criticism wellSelf-confident and hard-workingCan be overly analytical and judgmentalVery perfectionisticDislikes talking about emotionsSometimes seems callous or insensitive
The MBTI identifies preferences in four key dimensions: 1) Extraversion vs. Introversion, 2) Sensing vs. Intuition, 3) Thinking vs. Feeling and 4) Judging vs. Perceiving. As you can tell by the four-letter acronym, INTJ stands for Introverted, Intuitive, Thinking, and Judging.

Based upon psychoanalyst Carl Jung's theory of personality, the MBTI also utilizes what is known as a functional stack in order to understand each personality. Each of the four key functions is either inwardly facing (introverted) or outwardly facing (extroverted). For each personality type, these different cognitive functions combine and interact in a variety of ways.

Each type possesses a dominant function that sets the tone for that specific personality type. In addition to this dominant function, auxiliary, tertiary, and inferior functions play supporting roles in making up the characteristics of an individual's personality.

INTJs rely on four key cognitive functions:

People with this personality type are introverted and spend a lot of time in their own mind. INTJs work best by themselves and strongly prefer solitary work to group work.

While they tend not to be particularly interested in other people's thoughts and feelings, they do care about the emotions of the select group of people to whom they are close. In personal relationships, INTJs are willing to devote time and energy toward making these relationships successful.

Other people often interpret INTJs as cool, aloof, and disinterested, which can make forming new friendships challenging. People with this type of personality often see little value in social rituals and small talk, making it even more difficult to get to know them. They tend to be reserved and prefer to interact with a group of close family and friends.

When INTJs develop an interest in something, they strive to become as knowledgeable and skilled as they can in that area. They have high expectations, and they hold themselves to the highest possible standards.

INTJs are good at gathering information from the outside world, analyzing it, and reaching new insights. People with this personality type tend to be very analytical and logical. They value information, knowledge, and intelligence, and make excellent scientists and mathematicians. They tend to do particularly well in fields that require efficiency and the ability to interpret complex information such as engineering, academia, law, and research.

INTJs typically do well in careers that integrate their strong ability to understand and evaluate complex information with their ability to put this knowledge into practice. Careers that allow the INTJ to work independently and autonomously are also ideal.

INTJs tend to be solitary and self-sufficient, so establishing friendships can sometimes be difficult. Because people with this personality type tend to think so much of the future, they may avoid getting to know people because they believe that a long-term friendship will not work out.

The good news is that while INTJs may not have a lot of friends, they do become very close and committed to those who persist. INTJs tend to prefer friends who are also introverted, rational, and low on emotional drama.

INTJ parents tend to be thoughtful and attentive, yet they are typically not highly affectionate. They have high expectations for their kids and offer support by helping kids think logically when faced with decisions. Parents with this type of personality encourage their kids to be self-directed critical thinkers who are capable of solving problems on their own.

If your child is an INTJ, focus on finding ways to encourage your child's intellectual strengths, but try to find a balance that avoids excessive perfectionism. You can also help your child develop their emotional strengths and look for ways to express their feelings.

Because INTJs can be difficult to get to know, romantic relationships can sometimes falter. If your partner has this personality type, it is important to know that loyalty and understanding are important. Don't be afraid to show that you are dedicated to your INTJ partner, but also don't pressure them to spill their emotions.

Communication is also critical. Rather than expecting your partner to pick up on your subtle cues, focus on being straight-forward or even blunt about what you expect.
Ever wonder what your personality type means? Sign up to find out more in our Healthy Mind newsletter.Thank you, {{form.email}}, for signing up.There was an error. Please try again.Spiotta AM. Incorporation of personality typing into a neurologic surgery residency program: Utility in systems based practice, professionalism, and self-reflection. World Neurosurg. 2018;120:e1041-e1046. doi:10.1016/j.wneu.2018.09.007"
7,INTP,"Verywell / JR Bee
According to psychologist David Keirsey, creator of the Keirsey Temperament Sorter, approximately 1% to 5% of people have an INTP personality type.
Logical and objectiveAbstract thinkerIndependentLoyal and affectionate with loved onesDifficult to get to knowCan be insensitiveProne to self-doubtStruggles to follow rulesHas trouble expressing feelings
The MBTI is based upon psychoanalyst Carl Jung's theory which suggests that personality is made up of different cognitive functions. The hierarchical order of these functions is what establishes personality and behavioral patterns. The dominant function is the one that plays the largest role in personality, although it is also supported by the auxiliary. The tertiary function is less developed, but still exerts some influence and becomes more pronounced as a person strengthens this area. The inferior function is largely unconscious but represents an area of weakness.

This function focuses on how people take in information about the world. INTPs express this by trying to understand how things work. They often like to break down larger things or ideas to look at the individual components to see how things fit and function together. INTPs tend to be highly logical and efficient thinkers. They like to have a complete understanding of something before they are willing to share an opinion or take action.

INTPs express this cognitive function by exploring what-ifs and possibilities. They utilize insight, imagination, and past experiences to form ideas. They often go over what they know, seeking patterns until they can achieve a flash of inspiration or insight into the problem. They tend to spend a great deal of time thinking about the future and imagining all the possibilities.

INTPs tend to be very detail-oriented, carefully categorizing all of the many facts and experiences that they take in. As they collect new information, they compare and contrast it with what they already know in order to make predictions about what they believe will happen next.

INTPs tend to seek harmony in groups. While they are introverted, INTPs can be quite outgoing when they are around people with whom they are familiar and comfortable. In situations where they feel stress, however, INTPs shut down their feelings and struggle to connect with others. Under stress, they tend to rely on logic rather than feelings.

As introverts, INTPs prefer spending time alone for the most part. Unlike extraverts, who gain energy from interacting with a wide group of people, introverts must expend energy in social situations. After being around a lot of people, INTPs might feel like they need to spend some time alone to recharge and find balance. While they may be shy around people they do not know well, INTPs tend to be warm and friendly with their close group of family and friends.

Because INTPs enjoy solitude and deep thinking, they sometimes strike others as aloof and detached. At times, people with this personality type can get lost in their own thoughts and lose track of the outside world. They love ideas and place a high value on intelligence and knowledge.

In social situations, INTPs tend to be quite easy-going and tolerant. However, they can become unyielding when their beliefs or convictions are challenged. Their high emphasis on logic can make it difficult to not correct others in situations where other people present arguments that are not rational or logical. Because they rely on their own minds rather than others, they can also be very difficult to persuade.

Because they enjoy theoretical and abstract concepts, INTPs often do particularly well in science-related careers. They are logical and have strong reasoning skills, but are also excellent at thinking creatively.

INTPs can be very independent and place a great deal of emphasis on personal freedom and autonomy. In some cases, they can be aggravated by authority figures, particularly those that they feel are trying to suppress their ability to think and act for themselves. Because of this, INTPs typically do best in careers as they have a great deal of flexibility and independence.

Shared interests are one of the best paths to forming a friendship with an INTP. They tend to value intellect over all else and can be very slow to form friendships. While this often leads to fewer friendships, the ones that an INTP does gain tend to be very close. Remember that your INTP friends may not be the best at dealing with excess emotions, but they love to bond over deep conversations and shared passions.

If your child is an INTP, it is important to remember that they may respond better to reason and logic rather than appeals to emotion. Encourage your child to develop their intellectual interest, but also look for situations that may help them foster friendships. This can be an area where your child struggles, but putting them in contact with other kids who share the same interests can be helpful.

INTPs tend to live inside their minds, so they can be quite difficult to get to know. Even in romance, they often hold back until they feel that the other person has proven themselves worthy of hearing these innermost thoughts and feelings.

One thing to remember is that while INTPs do enjoy romance in the context of a deeply committed relationship, they do not play games. Be honest and forthright. Because INTPs are not good at understanding the emotional needs of others, you may need to be very direct about what you need and expect in that regard. INTPs also struggle to share their own feelings, so you may need to pay attention to subtle signals that your partner is sending.
"
8,ESTP,"
People with this personality type are logical. When making decisions, they place a higher value on objectivity rather than personal feelings. ESTPs don't like to be pinned down by excessive planning. Instead, they like to improvise and keep their options open.

According to psychologist David Keirsey, the creator of the Keirsey Temperament Sorter, approximately 4—10% of people exhibit an ESTP personality. It is believed to be one of the most common personality types.﻿﻿

ESTPs tend to exhibit a number of characteristics centered on their tendency to be extraverted sensors. They tend to be decisive thinkers with strong people skills. ESTPs also tend to:
Gregarious, funny, and energeticInfluential and persuasiveAction-orientedAdaptable and resourcefulObservantImpulsiveCompetitiveDramatic at timesEasily boredInsensitive
The MBTI suggests that personality is composed of a number of different mental functions (sensing, thinking, intuition, and feeling) that are either directed inwardly (introverted) or outwardly (extraverted). The most prominent of these plays the largest role in personality, while the secondary function acts as a co-pilot. The tertiary and inferior functions tend to have smaller influence.

Extraverts gain energy from social engagement. Because of this, they tend to be outgoing, engaging, and novelty-seeking. Because they are more outward-turning, they also tend to seek stimulation through the senses.

When making judgments about the world, ESTPs focus inwardly and process information in a logical and rational way. Because this side of personality is introverted, it is something that people may not immediately notice.

This function focuses on creating social harmony and relationships with others. While emotions are not an ESTPs strongest suit, they do have a great need for social engagement.

This aspect of personality focuses on looking at information in order to see patterns and develop a ""gut feeling"" about situations. It allows ESTPs to gain impressions of incoming data and develop a sense of the future.

Because this aspect of personality is not as strong, it can sometimes become something of a weakness. When well developed, people with strong intuition will use the ability to take what they have learned through their senses to look for patterns and make connections. When poorly developed, people may make leaps in judgment that are not backed up by evidence.

As extraverts, ESTPs gain energy from being around other people. In social settings, people with this personality type are seen as fun, friendly, and charming.

The MBTI also suggests that certain personality types may exhibit preferences and strengths that align them with certain careers.﻿﻿ People with an ESTP personality type feel energized when they interact with a wide variety of people, so they do best in jobs that involve working with others. They strongly dislike routine and monotony, so fast-paced jobs are ideal.

ESTPs have several different personality characteristics that make them well-suited for certain careers. Because of their strong people skills, ESTPs tend to do very well in careers that involve sales and marketing.

Because they are action-oriented and resourceful, they are great in first-responder positions that require fast-thinking and quick responses, such as emergency medical personnel and police officers.

If your friend, co-worker, loved one, or partner is an ESTP, there are some things you can do to improve your communication and interaction with them. Learning more about what makes this personality type tick can help you understand them better.﻿﻿

ESTPs have an inexhaustible thirst for adventure. You can be a good friend by always being ready to head out for a new experience, or even by coming up with plans that offer excitement, novelty, and challenge.

ESTP children can be adventurous and independent, so parents need to set boundaries and ensure that fair, consistent discipline is used. Kids with this type of personality need lots of hands-on activities to keep them busy, but they may struggle in classroom settings where they quickly grow weary of routines.

ESTPs are exciting and fun-loving, but they can grow bored with routines quickly. They do not enjoy long, philosophical discussions but like to keep the conversation flowing as they talk about shared interests and passions. Be aware that your partner prefers to take things day by day, may struggle with making long-term commitments, and have difficulty making plans for the future.
Ever wonder what your personality type means? Sign up to find out more in our Healthy Mind newsletter.Thank you, {{form.email}}, for signing up."
9,ESTJ,"
ESTJ is one of the 16 personality types identified by the Myers-Briggs Type Indicator (MBTI). ESTJs are often described as logical, take-charge kind of people. They are assertive and are very concerned with making sure that things run smoothly and according to the rules. They are committed to tradition, standards, and laws. They have strong beliefs and possess sensible judgment, and expect that other people uphold these same principles as well.
Verywell / JR Bee
An estimated 8% to 12% of the U.S. population has an ESTJ personality.﻿﻿ David Keirsey, the creator of the Keirsey Temperament Sorter, suggests that the ESTJ personality type is the ""Guardian Supervisor,"" one of four ""Guardian"" archetypes (Supervisor, Inspector, Provider, Protector).﻿﻿
Practical and realisticDependableSelf-confidentHard-workingTraditionalStrong leadership skillsInsensitiveInflexibleNot good at expressing feelingsArgumentativeBossy
The MBTI suggests that each personality type is made up of a number of cognitive functions (sensing, thinking, feeling, and intuition) that are either directed toward the outside world (extraverted) or inward (introverted).﻿﻿ The dominant function is the one that plays a primary role in personality, although the auxiliary function plays an important supporting role. The tertiary and inferior functions are less prominent, but can still have an influence on how people behave and interact with the world.

As extroverts, ESTJs are very outgoing and enjoy spending time in the company of others. They can be very boisterous and funny in social situations and often enjoy being at the center of attention.

Family is also of the utmost importance to ESTJs. They put a great deal of effort into fulfilling their family obligations. Social events are also important and they are good at remembering important events such as birthdays and anniversaries. They look forward to attending weddings, family reunions, holiday parties, class reunions, and other occasions.

One potential area of weakness for ESTJs is their tendency to be rigid when it comes to rules and routines. They take their own opinion quite seriously, and are often less inclined to listen to what others have to say on a subject.

Because they appreciate order and organization, they frequently do well in supervisory roles.﻿﻿ When in such positions, they are committed to making sure that members of the group follow rules and traditions and law established by higher authorities.

In school and work situations, ESTJs are very hard-working and dependable.﻿﻿ They strive to follow directions to the letter and show a great deal of respect and deference for authority figures. They are thorough and punctual about completing their work, and rarely question or complain about the work they have to do.

ESTJs have a wide range of personality characteristics that help them excel at a number of different careers. Their emphasis on rules and procedures make them well-suited to supervisory and management positions, while their respect for laws, authority, and order help them excel in law enforcement roles.

People with this personality type are sociable and enjoy getting their friends involved in activities that they enjoy. ESTJs often value dependability over almost everything else. If you are a stable friend who sticks to your commitments, you will likely be able to forge a strong friendships with an ESTJ.

ESTJs children tend to be very responsible and goal-directed, but be cautious to avoid placing too many expectations on your child's shoulders. They enjoy structure and routine. While they are good at being self-directed, they still need guidance and rules to give them the security they crave.

ESTJs are dependable and take their commitments seriously. Once they have dedicated themselves to a relationship, they will stay true to it for life. They tend to avoid emotions and feelings, which can be difficult for their partners as times. While they may not express how they feel through words, remember that they will often convey their emotions through actions.
Ever wonder what your personality type means? Sign up to find out more in our Healthy Mind newsletter."
10,ESFP,"
ESFP (extraverted, sensing, feeling, perceiving) is one of the 16 personality types identified by the Myers-Briggs Type Indicator. People with ESFP personality types are often described as spontaneous, resourceful, and outgoing. They love being the center of attention and are often described as entertainers or “class clowns.” ESFP is the opposite of the INTJ personality type.

According to psychologist David Keirsey, the developer of the Keirsey Temperament Sorter, approximately 4% to 10% of all people have an ESFP personality type.
Optimistic and gregariousEnjoys people and socializingFocused on the present, spontaneousPracticalDislikes abstract theoriesBecomes bored easilyDoes not plan aheadImpulsive
The MBTI suggests that individual personalities are marked by many different cognitive functions (sensing, thinking, feeling, and intuition). Some of these are more dominant than others and the hierarchical order of these functions influences how people perceive and relate to the world.

These functions are focused outwardly (extraverted) and in other cases, they are focused inwardly (introverted). Extraverted functions are focused on interacting and acting within the world around you, while introverted functions are centered on internal reflection and analysis.

As extraverts, ESFPs enjoy spending time with other people and have excellent interpersonal skills. They are good at understanding how other people are feeling and can respond to other people's emotions in productive ways. For this reason, ESFPs can make good leaders and have a knack for mobilizing, motivating, and persuading group members.

ESFPs are often described as warm, kind, and thoughtful, making them popular and well-liked by others. ESFPs enjoy meeting new people, but they also have a thirst for new experiences. They are generally focused on the present and will often be the first person to try the newest ride at an amusement park or try out a new adventure sport.

With their strong dislike for routine, ESFPs do best in careers that involve a lot of variety. Jobs that involve a great deal of socializing are also a great fit, allowing individuals with this personality type to put their considerable people skills to good use. Careers that involve a great deal of structure and solitary work can be difficult for ESFPs, and they often become bored in such situations.

ESFPs grow weary with the same old routines and are always ready for a new adventure. To keep up with this personality type, you need to always be ready for new experiences - from exploring new places to meeting new people. Keeping things interesting is important, but ESFPs love to have a reliable co-conspirator who is as ready for fun as they are.

ESFP children are enthusiastic and energetic, which can be both fun and exhausting for parents. You can help by providing plenty of outlets for this boundless energy. Sports, hobbies, and outdoor adventures are all good sources of fun for ESFP kids. While these kids are people-loving extraverts, they may need time alone to process their feelings when they are upset. Be sure to give them some time before drawing them out to discuss their emotions.

ESFPs tend to be honest and forthright in relationships. They don't play games and are warm and enthusiastic in romantic relationships. One thing to remember is that ESFPs dislike conflict and tend to take any critical comments quite personally. While it is important to be straightforward in your relationship with an ESFP, try to avoid being overly harsh or confrontational.
"
11,ESFJ,"
ESFJ, also known as ""The Caregiver"" or ""The Consul,"" is one of the 16 personality types identified by the Myers-Briggs Type Indicator. People with an ESFJ personality type tend to be outgoing, loyal, organized, and tender-hearted. ESFJs gain energy from interacting with other people.

They are typically described as outgoing and gregarious. They have a way of encouraging other people to be their best and often have a hard time believing anything bad about the people they are close to.
Verywell / JR Bee
According to psychologist David Keirsey, approximately 9% to 13% of the population has an ESFJ personality type.﻿﻿

People with an ESFJ or Consul personality tend to:

ESFJs raised with high values and standards tend to grow up to be generous adults. Conversely, those raised in a less enriched environment may have skewed ethics as adults and are more likely to be manipulative and self-centered.

ESFJs also have a strong desire to exert control over their environment. Organizing, planning, and scheduling help people with this personality type feel in command of the world around them.

ESFJs are naturally geared toward understanding other people. They are careful observers of others and are adept at supporting and bringing out the best in people. Because they are so good at helping others feel good about themselves, people feel drawn to ESFJs.
Although ESFJs are people pleasers, they are not pushovers.Kind and loyalOutgoingOrganizedPractical and dependableEnjoy helping othersConscientiousNeedyApproval-seekingSensitive to criticismDislike changeIntolerantControlling
The MBTI suggests several cognitive functions (thinking, sensing, feeling, and intuition) that help shape each individual’s personality. The hierarchical ordering of these functions is what contributes to the makeup of each personality type. Each function is expressed either inwardly (introverted) or outwardly (extroverted).

ESFJs tend to make decisions based on their emotions and concern for others. As a result, they tend to think more about the personal impact of a decision rather than considering objective criteria.

ESFJs tend to judge people and situations based upon their ""gut feelings."" They often make snap decisions as a result and are quick to share their feelings and opinions.

This tendency can be great in some ways, as it allows them to make choices rather quickly. However, on the negative side, it can sometimes lead to overly harsh judgments of others.

ESFJs are more focused on the present than on the future. They are interested in concrete, immediate details rather than abstract or theoretical information.

This cognitive function helps ESFJs make connections and find creative solutions to problems. ESFJs are known to explore the possibilities when looking at a situation. They can often find patterns that allow them to gain insights into people and experiences.

ESFJs are organized and like to plan things out in advance. Planning helps people with this personality type feel more in control of the world around them.

This aspect of personality helps the ESFJ analyze complex information, but it is often a point of weakness, especially when making sense of abstract or theoretical concepts.

As extroverts, ESFJs love spending time with other people. Not only do they gain energy from social interaction, but they are also genuinely interested in the well-being of others. They are frequently described as warm-hearted and empathetic, and they will often put the needs of others ahead of their own.

They typically feel insecure in situations where things are uncertain or chaotic. While this makes ESFJs well suited to positions that involve managing or supervising people, it can also lead to conflicts when they try to exercise control over people who do not welcome such direction.
Because ESFJs are so dependable and loyal, they tend to build strong friendships that are long-lasting.
Because ESFJs enjoy helping others, they often do well in practical settings that involve taking a caregiver role. Social service and healthcare careers are two areas in which ESFJs may excel at applying their helping nature and desire for order.

ESFJs have many traits that make them ideally suited to certain careers. For example, their dependability and innate need to take care of others mean that they often do well in jobs that involve supporting and caring for people, such as nursing or teaching.

If you know someone with an ESFJ personality, there are things that you can do that can help strengthen your relationship and improve your interactions.

ESFJ can be selfless to the point of overlooking their own needs to ensure that other people are happy. Being a good friend to someone with this personality type means you should express your appreciation of their giving nature and make sure that you reciprocate their kindness.

ESFJs get along best with people who value them make them feel appreciated. Relationships are important to people with a Consul personality, and they tend to avoid relationships where they might face a great deal of conflict or criticism.

ESFJ children are responsible and enjoy spending time with their families. However, your child needs regular encouragement. Show your involvement by showing enthusiasm and support for their interests and activities.

These children also have a strong need for routine. Establish rules and stick to them. ESFJ children feel more assured and confident when they know what they can expect.
"
12,ENFP,"
The ENFP personality type is one of the 16 different types identified by the Myers-Briggs Type Indicator (MBTI). This acronym stands for Extraverted, Intuitive, Feeling, and Perceiving.

People with this type of personality are often described as enthusiastic, charismatic, and creative. People with this personality type are very charming, energetic, and independent. They are creative and do best in situations where they have the freedom to be creative and innovative. An estimated 5% to 7% percent of people are ENFPs.
Warm and enthusiasticEmpathetic and caringStrong people skillsStrong communication skillsFun and spontaneousHighly creativeNeeds approval from othersDisorganizedTends to get stressed out easilyCan be overly emotionalOverthinksStruggles to follow rules
Each personality type is composed of four cognitive functions that relate to how people process information and make decisions. It is the first two functions that play the most obvious role in personality. The latter two functions also play a role in personality, although their influence may only arise in certain settings or situations.

ENFPs generally focus on the world of possibilities. They are good at abstract thinking and prefer not to concentrate on tiny details. They are inventive and focused on the future. ENFPs are good at seeing things as they might be rather than focusing simply on what they are. They have a natural tendency to focus on relationships and are skilled at finding patterns and connections between people, situations, and ideas.

When making decisions, ENFPs place a greater value on feelings and values rather than on logic and objective criteria. They tend to follow their heart, empathize with others, and let their emotions guide their decisions. ENFPs have a strong desire to be true to themselves and their values. In an ideal world, their world would be in congruence with their values.

This cognitive function is centered on logically organizing information and ideas. When looking at information, the ENFP may use this function to sort through disparate data to efficiently spot connections. For example, an ENFP might ""think out loud"" as they are working through a problem, laying out all the information to create an easily followed train of thought.

ENFPs express this function by comparing the things they are experiencing at the moment to past experiences. In doing so, they are often able to call to mind memories, feelings, and senses that they associate with those events. This allows the individual to seek patterns and form expectations for future events based upon their previous experiences.

ENFPs are extraverts, which means that they love spending time with other people. Socializing actually gives them more energy, helping them to feel renewed, refreshed, and excited about life. While other types of extraverts tend to dislike solitude, ENFPs do have a need for some alone time in order to think and reflect.

ENFPs tend to be warm and passionate in relationships. As extraverts, they are naturally upbeat and gregarious. In relationships, they are always seeking growth and ways to make their partnerships stronger. They tend to be attentive and spontaneous. Their willingness to take risks can sometimes be stressful for those who love them.

When choosing a career path, it is a good idea for people to understand the potential strengths and weaknesses of their personality type. People with the ENFP personality type do best in jobs that offer a lot of flexibility.﻿﻿

Because they are empathetic and interested in people, they often do well in service-oriented careers. They should avoid careers that involve completing a lot of detailed, routine tasks. 

ENFPs make fun and exciting friends. They enjoy doing new things and usually have a wide circle of friends and acquaintances. They are perceptive of other people's feelings and can figure people out quite quickly. You can help your ENFP friends by being the emotional support they need to achieve their goals.

Because ENFPs dislike routine, their children may sometimes perceive them as inconsistent. However, they typically have strong, loving relationships with their kids and are good at imparting their sense of values. Parents of ENFP children will find that their child has a strong sense of imagination and a great deal of enthusiasm for life. Your child's energy may seem overwhelming at times, but you should look for ways to help your child explore their creativity.

One struggle they may face is with providing structure and limits. While they recognize the need for such things, they are not always good at setting or enforcing such limitations. Parents of ENFPs should encourage their kids to be creative, but provide rules and guidelines.

ENFPs tend to be passionate and enthusiastic in romantic relationships. Long-term relationships can sometimes hit a snag because people with this personality type are always thinking about what is possible rather than simply focusing on things as they are. In order to keep the romance alive, it is important to look for new ways to bring excitement into the relationship.
Ever wonder what your personality type means? Sign up to find out more in our Healthy Mind newsletter.Thank you, {{form.email}}, for signing up.There was an error. Please try again.Shen S-T, Prior SD, White AS, Karamanoglu M. Using personality type differences to form engineering design teams. Engineering Education. 2007;2(2):54-66. doi:10.11120/ened.2007.02020054Center for Applications of Psychological Type. Estimated frequencies of the types in the United States population."
13,ENFJ,"
ENFJ, also known as the giver or protagonist personality, is one of the 16 different personality types identified by the Myers-Briggs Type Indicator.﻿﻿﻿﻿ Some other types are known by the acronyms ESFJ, ENFP, INFP, ISFJ, and INTP.

People with ENFJ personality type are often described as warm, outgoing, loyal, and sensitive.
Verywell / JR Bee
Of all the personality types, the ENFJ is often perceived as being the strongest ""people person."" They are capable of forging friendships with all personality types, even with more introverted or reticent individuals.

Because of their ability to sense what others feel and affect how people behave, they do have the ability to influence and even manipulate others. This is balanced by their strong value system and desire to help other people be the best that they can be. ENFJ is the opposite of the ISTP personality type.

Psychologist David Keirsey suggests that approximately 2% to 5% of all people have an ENFJ personality.

One common myth about the protagonist personality is that they are always sociable. While they love people, they do need time alone in order to assimilate and organize their thoughts.
Outgoing and warm-heartedEmpatheticWide social circleEncouragingOrganizedAffectionatePersuasiveApproval-seekingOverly sensitiveIndecisiveSelf-sacrificingRigid and uncompromisingOverprotectiveManipulative
Each Myers-Briggs personality type can be identified by a hierarchical stack of cognitive functions that represent how each person interacts with the world. These functions focus on how people take in information about the world and how they then use this information to make decisions.

ENFJs express this cognitive function through their engaging social behavior and harmonious social relationships. They are in tune with other people's feelings, often to the point that they ignore their own needs in order to please others.

People with a protagonist personality place a stronger emphasis on personal, subjective considerations rather than objective criteria when making decisions. How a decision will impact others is often a primary concern.

ENFJs like to think about the future rather than the present. They may often become so focused on the larger goal that they lose sight of the immediate details.

As ENFJs take in information about the world, their introverted intuition processes this data in order to create impressions, ideas, and thoughts. This allows them to spot patterns and make sense of complex or abstract data.

Extraverted sensing causes ENFJs to take in the present moment, gathering concrete details and sensory information from the environment. Because of this, they will often seek out novel or interesting experiences and sensations.

People with the protagonist personality type tend to be very aware of their present environment. This can lead to a great appreciation of aesthetics and a desire to create a pleasing space.

ENFJs are organized and enjoy structure and careful planning. Sticking to a predictable schedule helps ENFJs feel in control of the world around them.
Because this is an inferior function, ENFPs may not have a great deal of confidence in their own ability to be logical and organized.
Developing this function can help people with this personality type feel more balanced and in control of their decision-making process. Neglecting this aspect of personality can lead to relying solely on personal values when making decisions.

ENFJs value other people highly and are warm, nurturing, and supportive in personal relationships. At times, they can become very wrapped up in other people's problems.

They are altruistic and interested in helping others, which can sometimes come off as a bit overbearing. Despite this, they are usually very well liked and people appreciate their genuine concern and care.

As parents, ENFJs are nurturing and warm, although they can sometimes be accused of being so-called ""helicopter parents."" They are directly involved in their children's lives, although they can sometimes be quite strict and even rigid at times.
ENFJs need to remember to give their children room to explore and express their individuality, particularly as children age into adolescence.
ENFJs have an outgoing personality and enjoy spending time with other people. Being in social settings helps them feel energized.

In friendships and other relationships, people typically describe people with a protagonist personality as supportive and fun to be around. They are particularly good at relating to others and are known to help bring out the best in the people with whom they spend their time.

ENFJs often do best in careers where they get to help other people and spend a great deal of time interacting with others. Because of their strong communication and organizational skills, ENFJs can make great leaders and managers.

They are good at organizing activities, helping each group member achieve their potential and resolving interpersonal conflicts. They strive to create harmony in all situations, and always seem to know what to do to ease tensions and minimize disagreements.

One of the best ways to be a good friend to an ENFJ is to accept the care and support that they naturally offer. People with this personality type enjoy helping their friends, and it is important to show that you accept and appreciate what they have to offer.

However, it is also important that you offer your support in return. ENFJs are not always good at asking for help when they need it. In many cases, simply being willing to listen to whatever they have to share can be very helpful.

Children of ENFJs might find it difficult to live up to their parents' high exceptions. At times, the ENFJ parent's hands-on approach to parenting can be stifling and make it difficult for kids to explore the world on their own terms.

Parents of ENFJ children should recognize that their children are extremely empathetic, sometimes to the point that they may feel overwhelmed by the strong emotions that other people evoke. These children are giving and caring but may find it difficult to burden others with their own struggles.
If your child has a protagonist personality, encourage your child to care for others while still taking care of their own emotional well-being.
Because ENFJs are so sensitive to the feelings of others, your happiness is critical to your partner's happiness. Remember that your partner may even put their own needs last in order to ensure that your needs are met.

Let your ENFJ partner know how much you appreciate all the support and care that they offer and be willing to provide the same support in return—even if they struggle to ask for help.
"
14,ENTP,"
ENTP is one of the 16 different personality types identified by the Myers-Briggs Type Indicator. People with this personality type are often described as innovative, clever, and expressive. ENTPs are also known for being idea-oriented, which is why this personality type has been described as ""the innovator,"" ""the visionary,"" and ""the debater.""

ENTPs are less interested in the here-and-now details than they are in generating ideas and theories. Because of this, they sometimes tend to come up with one idea after another without actually going forward with plans and actions to bring their creative notions into fruition.

According to psychologist David Keirsey, the creator of the Keirsey Temperament Sorter, ENTPs are known as Rational Inventors. He suggests that the Rational personality type is rare, accounting for around five to 10% of the population.
InnovativeCreativeGreat conversationalistEnjoys debatingValues knowledgeCan be argumentativeDislikes routines and schedulesDoes not like to be controlledUnfocusedInsensitive
Based upon Carl Jung's theory of personality, the MBTI categorized personality types by their cognitive functions (intuition, thinking, sensing, and feeling) which can then be directed outwardly (extroverted) or inwardly (introverted).

The hierarchical organization of these functions is what establishes each individual's primary pattern of behavior. The dominant function is the most prominent, although it is supported by the auxiliary function. The tertiary function has less of an influence, while the inferior function tends to be an area of weakness.

Since they are identified as extroverts, it may come as no surprise that ENTPs have very good people skills. They are skilled communicators and enjoy interacting with a wide circle of family, friends, and acquaintances. In conversations, other people often find them quick-witted.

ENTPs will often engage in debates simply because they enjoy having a good battle of the wits. Sometimes, their love of debates lead ENTPs to take on the role of the devil's advocate, which can sometimes lead to conflicts with others who feel like they are being intentionally combative and antagonistic.

Routines and boredom are not good for the ENTP personality. They are non-conformists and do best in jobs when they can find excitement and express their creative freedom. ENTPs can be successful in a wide range of careers, as long as they do not feel hemmed in or bored.

As debaters with great communication skills, careers in law can offer the challenge and diversity that ENTPs crave. Jobs in the business world that combine the ENTPs rationality, creativity, and natural leadership abilities can also be very rewarding.

ENTPs are great at getting along with people no matter what their personality type. While they are usually laid-back, they can be quite competitive. If you are friends with an ENTP, be careful not to get into the habit of trying to out-do each other. Be aware of their love for debates and be careful not to escalate good-natured discussions into combative arguments.

ENTPs have a fun-loving nature and are excited to share their sense of wonder with their children. Parents with this personality type are supportive, but they have a tendency to try to turn every situation into a learning opportunity.

Parents of ENTP children should be aware that their children may seem argumentative at times, it stems from their natural love for discussion and debate. They may also seem inconsistent at times, being warm and affectionate in one moment and then withdrawing in the next as they become wrapped up in new ideas. Parents should encourage their children to focus on goals and finish the things that they start.

In intimate relationships, ENTPs can be passionate and exciting. They are warm, loving, and good at understanding their partner's needs. You may find that they may struggle to follow through on promises that they have made, which can be a source of frustration at times.

Be aware of your ENTP partner's need for spontaneity. You can help balance your partner's impulsiveness by helping them work toward their goals with enthusiasm and practicality.
Ever wonder what your personality type means? Sign up to find out more in our Healthy Mind newsletter."
15,ENTJ,"
The acronym ENTJ represents one of the 16 personality types that are identified by the Myers-Briggs Type Indicator. This popular personality assessment was developed by Isabel Myers and her mother Katherine Briggs. The assessment tool is based on Carl Jung's theory of personality types. Other people often describe people with this type of personality as assertive, confident, and outspoken.

According to psychologist David Keirsey, the ENTJ type is quite rare, accounting for a mere 2% of the population.
Strong leadership skillsSelf-assuredWell-organizedGood at making decisionsAssertive and outspokenStrong communication skillsImpatientStubbornInsensitiveAggressiveIntolerant
Based upon the Jungian personality theory, the MBTI suggests that personality is composed of several different cognitive functions. These functions can be focused primarily outward (extraverted) or inward (introverted).

Each function relates to how people perceive the world and make decisions. The dominant function is the most prominent aspect of personality, while the auxiliary function plays a supporting role. The tertiary function has a weaker influence but can become more apparent when a person is under stress. The inferior function is primarily unconscious and is often a point of weakness. Developing this aspect can help people form a more balanced personality.

Since ENTJs are extraverts, they gain energy from socializing (unlike introverts, who expend energy in social situations). They love having passionate and lively conversations and debates. In some cases, other people can feel intimidated by the ENTJs confidence and strong verbal skills. When they have a good idea, people with this personality type feel compelled to share their point of view with others.

Despite their verbal abilities, ENTJs are not always good at understanding other people's emotions. Expressing emotions can be difficult for them at times, and their tendency to get into debates can make them seem aggressive, argumentative, and confrontational. People can overcome this problem by making a conscious effort to think about how other people might be feeling.

They may struggle to understand or get along with more sensitive personality types. While they are extraverts, they are not emotionally expressive and other people may see them as insensitive.

Thanks to their comfort in the spotlight, ability to communicate, and a tendency to make quick decisions, ENTJs tend to naturally fall into leadership roles.

These individuals sometimes find themselves taking control of a group without really knowing how they came to be in such a position. Because of their love for structure and order, the ENTJ is also good at supervising and directing others and helping groups complete tasks and achieve goals. They can quickly see what needs to be accomplished, develop a plan of action, and assign roles to group members.

ENTJs do best in careers where there is a lot of structure, but plenty of room for variety. Jobs that allow them to meet and interact with lots of different people are ideal. People with this type bring a lot of desirable skills to the table, including excellent leadership and communication skills, a hard-working attitude, and an ability to plan for the future.

ENTJ are social people and love engaging conversations. While they can seem argumentative and confrontational at times, just remember that this is part of their communication style. Try not to take it personally. They tend to have the easiest friendships with people who share their interests and views and may struggle to understand people who are very introverted, sensitive, or emotional.

Parents of ENTJ children should recognize that their child is independent and intellectually curious. You can help your child by allowing them to pursue their curiosity. Understand that your child will often need your reasoning explained to understand why certain rules need to be followed.

You can also help your child develop their emotional understanding by talking openly about feelings. Point out how people might feel about different experiences so that your ENTJ child can learn to better interpret both their own emotions and those of others.

An ENTJ partner can often seem quite dominating in a relationship. Because dealing with emotions does not come naturally to them, they may seem insensitive to their partner's feelings. It is important to remember that this does not mean that ENTJ’s don’t have feelings—they just need to feel completely comfortable in order to show their emotions.
"
